Campaign,CTR,CVR
Brand_Group_One,0.077597665,0.018919675
Brand_Group_Three,0.395755331,0.109458023
Brand_Group_Four,0.078699092,0.357408786
Brand_Group_Five,0.061960065,0.354698672
Brand_Group_Six,0.515711088,0.139971622
Brand_Group_Seven,0.46039025,0.133097132